DROP TABLE FACULTY
CREATE TABLE FACULTY
  (
   FACULTY      CHAR(10)      NOT NULL,
   FACULTY_NAME VARCHAR2(100), 
   CONSTRAINT PK_FACULTY PRIMARY KEY(FACULTY) 
  );
     
delete FACULTY;
insert into FACULTY   (FACULTY,   FACULTY_NAME )
             values  ('ИДиП',   'Издателькое дело и полиграфия');
insert into FACULTY   (FACULTY,   FACULTY_NAME )
            values  ('ХТиТ',   'Химическая технология и техника');
insert into FACULTY   (FACULTY,   FACULTY_NAME )
            values  ('ЛХФ',     'Лесохозяйственный факультет');
insert into FACULTY   (FACULTY,   FACULTY_NAME )
            values  ('ИЭФ',     'Инженерно-экономический факультет');
insert into FACULTY   (FACULTY,   FACULTY_NAME )
            values  ('ТТЛП',    'Технология и техника лесной промышленности');
insert into FACULTY   (FACULTY,   FACULTY_NAME )
            values  ('ТОВ',     'Технология органических веществ');

--------------------------------------------------------------------------------------------
DROP TABLE PULPIT
CREATE TABLE PULPIT 
(
 PULPIT       CHAR(20)      NOT NULL,
 PULPIT_NAME  VARCHAR2(160), 
 FACULTY      CHAR(10)      NOT NULL, 
 CONSTRAINT FK_PULPIT_FACULTY FOREIGN KEY(FACULTY)   REFERENCES FACULTY(FACULTY), 
 CONSTRAINT PK_PULPIT PRIMARY KEY(PULPIT) 
 ); 
 
delete PULPIT;  
insert into PULPIT   (PULPIT,    PULPIT_NAME,                                                   FACULTY )
             values  ('ИСиТ',    'Иформационный систем и технологий ',                         'ИДиП'  );
insert into PULPIT   (PULPIT,    PULPIT_NAME,                                                   FACULTY )
             values  ('ПОиСОИ', 'Полиграфического оборудования и систем обработки информации ', 'ИДиП'  );
insert into PULPIT   (PULPIT,    PULPIT_NAME,                                                   FACULTY)
              values  ('ЛВ',      'Лесоводства',                                                 'ЛХФ') ;         
insert into PULPIT   (PULPIT,    PULPIT_NAME,                                                   FACULTY)
             values  ('ОВ',      'Охотоведения',                                                 'ЛХФ') ;   
insert into PULPIT   (PULPIT,    PULPIT_NAME,                                                   FACULTY)
             values  ('ЛУ',      'Лесоустройства',                                              'ЛХФ');           
insert into PULPIT   (PULPIT,    PULPIT_NAME,                                                   FACULTY)
             values  ('ЛЗиДВ',   'Лесозащиты и древесиноведения',                               'ЛХФ');                
insert into PULPIT   (PULPIT,    PULPIT_NAME,                                                   FACULTY)
             values  ('ЛПиСПС',  'Ландшафтного проектирования и садово-паркового строительства','ЛХФ');                  
insert into PULPIT   (PULPIT,    PULPIT_NAME,                                                   FACULTY)
             values  ('ТЛ',     'Транспорта леса',                                              'ТТЛП');                        
insert into PULPIT   (PULPIT,    PULPIT_NAME,                                                   FACULTY)
             values  ('ЛМиЛЗ',  'Лесных машин и технологии лесозаготовок',                      'ТТЛП');                        
insert into PULPIT   (PULPIT,    PULPIT_NAME,                                                   FACULTY)
             values  ('ОХ',     'Органической химии',                                           'ТОВ');            
insert into PULPIT   (PULPIT,    PULPIT_NAME,                                                              FACULTY)
             values  ('ТНХСиППМ','Технологии нефтехимического синтеза и переработки полимерных материалов','ТОВ');             
insert into PULPIT   (PULPIT,    PULPIT_NAME,                                                      FACULTY)
             values  ('ТНВиОХТ','Технологии неорганических веществ и общей химической технологии ','ХТиТ');                    
insert into PULPIT   (PULPIT,    PULPIT_NAME,                                                                         FACULTY)
             values  ('ХТЭПиМЭЕ','Химии, технологии электрохимических производств и материалов электронной техники', 'ХТиТ');
insert into PULPIT   (PULPIT,    PULPIT_NAME,                                                      FACULTY)
             values  ('ЭТиМ',    'экономической теории и маркетинга',                              'ИЭФ');   
insert into PULPIT   (PULPIT,    PULPIT_NAME,                                                      FACULTY)
             values  ('МиЭП',   'Менеджмента и экономики природопользования',                      'ИЭФ');    
------------------------------------------------------------------------------------------------------------------------ 
DROP  TABLE TEACHER
CREATE TABLE TEACHER
 ( 
  TEACHER       CHAR(20) NOT  NULL,
  TEACHER_NAME  VARCHAR2(100), 
  PULPIT        CHAR(20) NOT NULL, 
  CONSTRAINT PK_TEACHER  PRIMARY KEY(TEACHER), 
  CONSTRAINT FK_TEACHER_PULPIT FOREIGN   KEY(PULPIT)   REFERENCES PULPIT(PULPIT)
 ) ;
 
 
delete  TEACHER;
insert into  TEACHER    (TEACHER,   TEACHER_NAME, PULPIT )
                       values  ('СМЛВ',    'Смелов Владимир Владиславович',  'ИСиТ');
insert into  TEACHER    (TEACHER,  TEACHER_NAME, PULPIT )
                       values  ('АКНВЧ',    'Акунович Станислав Иванович',  'ИСиТ');
insert into  TEACHER    (TEACHER,  TEACHER_NAME, PULPIT )
                       values  ('КЛСНВ',    'Колесников Леонид Валерьевич',  'ИСиТ');
insert into  TEACHER    (TEACHER,  TEACHER_NAME, PULPIT )
                       values  ('ГРМН',    'Герман Олег Витольдович',  'ИСиТ');
insert into  TEACHER    (TEACHER,  TEACHER_NAME, PULPIT )
                       values  ('ЛЩНК',    'Лащенко Анатолий Пвалович',  'ИСиТ');
insert into  TEACHER    (TEACHER,  TEACHER_NAME, PULPIT )
                       values  ('БРКВЧ',    'Бракович Андрей Игорьевич',  'ИСиТ');
insert into  TEACHER    (TEACHER,  TEACHER_NAME, PULPIT )
                       values  ('ДДК',     'Дедко Александр Аркадьевич',  'ИСиТ');
insert into  TEACHER    (TEACHER,  TEACHER_NAME, PULPIT )
                       values  ('КБЛ',     'Кабайло Александр Серафимович',  'ИСиТ');
insert into  TEACHER    (TEACHER,  TEACHER_NAME, PULPIT )
                       values  ('УРБ',     'Урбанович Павел Павлович',  'ИСиТ');
insert into  TEACHER    (TEACHER,  TEACHER_NAME, PULPIT )
                       values  ('РМНК',     'Романенко Дмитрий Михайлович',  'ИСиТ');
insert into  TEACHER    (TEACHER,  TEACHER_NAME, PULPIT )
                       values  ('ПСТВЛВ',  'Пустовалова Наталия Николаевна', 'ИСиТ' );
insert into  TEACHER    (TEACHER,  TEACHER_NAME, PULPIT )
                       values  ('?',     'Неизвестный',  'ИСиТ');
insert into  TEACHER    (TEACHER,  TEACHER_NAME, PULPIT )
                      values  ('ГРН',     'Гурин Николай Иванович',  'ИСиТ');
insert into  TEACHER    (TEACHER,  TEACHER_NAME, PULPIT )
                       values  ('ЖЛК',     'Жиляк Надежда Александровна',  'ИСиТ');
insert into  TEACHER    (TEACHER,  TEACHER_NAME, PULPIT )
                       values  ('БРТШВЧ',   'Барташевич Святослав Александрович',  'ПОиСОИ');
insert into  TEACHER    (TEACHER,  TEACHER_NAME, PULPIT )
                       values  ('ЮДНКВ',   'Юденков Виктор Степанович',  'ПОиСОИ');
insert into  TEACHER    (TEACHER,  TEACHER_NAME, PULPIT )
                       values  ('БРНВСК',   'Барановский Станислав Иванович',  'ЭТиМ');
insert into  TEACHER    (TEACHER,  TEACHER_NAME, PULPIT )
                       values  ('НВРВ',   'Неверов Александр Васильевич',  'МиЭП');
insert into  TEACHER    (TEACHER,  TEACHER_NAME, PULPIT )
                       values  ('РВКЧ',   'Ровкач Андрей Иванович',  'ОВ');
insert into  TEACHER    (TEACHER,  TEACHER_NAME, PULPIT )
                       values  ('ДМДК', 'Демидко Марина Николаевна',  'ЛПиСПС');
insert into  TEACHER    (TEACHER,  TEACHER_NAME, PULPIT )
                       values  ('МШКВСК',   'Машковский Владимир Петрович',  'ЛУ');
insert into  TEACHER    (TEACHER,  TEACHER_NAME, PULPIT )
                       values  ('ЛБХ',   'Лабоха Константин Валентинович',  'ЛВ');
insert into  TEACHER    (TEACHER,  TEACHER_NAME, PULPIT )
                       values  ('ЗВГЦВ',   'Звягинцев Вячеслав Борисович',  'ЛЗиДВ'); 
insert into  TEACHER    (TEACHER,  TEACHER_NAME, PULPIT )
                       values  ('БЗБРДВ',   'Безбородов Владимир Степанович',  'ОХ'); 
insert into  TEACHER    (TEACHER,  TEACHER_NAME, PULPIT )
                       values  ('ПРКПЧК',   'Прокопчук Николай Романович',  'ТНХСиППМ'); 
insert into  TEACHER    (TEACHER,  TEACHER_NAME, PULPIT )
                       values  ('НСКВЦ',   'Насковец Михаил Трофимович',  'ТЛ'); 
insert into  TEACHER    (TEACHER,  TEACHER_NAME, PULPIT )
                       values  ('МХВ',   'Мохов Сергей Петрович',  'ЛМиЛЗ'); 
insert into  TEACHER    (TEACHER,  TEACHER_NAME, PULPIT )
                       values  ('ЕЩНК',   'Ещенко Людмила Семеновна',  'ТНВиОХТ'); 
insert into  TEACHER    (TEACHER,  TEACHER_NAME, PULPIT )
                       values  ('ЖРСК',   'Жарский Иван Михайлович',  'ХТЭПиМЭЕ'); 
---------------------------------------------------------------------------------------------------------------------
DROP TABLE SUBJECT 
CREATE TABLE SUBJECT
    (
     SUBJECT      CHAR(20)     NOT NULL, 
     SUBJECT_NAME VARCHAR2(100)  NOT NULL,
     PULPIT       CHAR(20)     NOT NULL,  
     CONSTRAINT PK_SUBJECT PRIMARY KEY(SUBJECT),
     CONSTRAINT FK_SUBJECT_PULPIT FOREIGN  KEY(PULPIT)  REFERENCES PULPIT(PULPIT)
    );

delete SUBJECT;
insert into SUBJECT   (SUBJECT,   SUBJECT_NAME,        PULPIT )
                       values ('СУБД',   'Системы управления базами данных',                   'ИСиТ');
insert into SUBJECT   (SUBJECT,   SUBJECT_NAME,        PULPIT)
                       values ('БД',     'Базы данных',                                        'ИСиТ');
insert into SUBJECT   (SUBJECT,   SUBJECT_NAME,        PULPIT )
                       values ('ИНФ',    'Информацтонные технологии',                          'ИСиТ');
insert into SUBJECT   (SUBJECT,   SUBJECT_NAME,        PULPIT )
                       values ('ОАиП',  'Основы алгоритмизации и программирования',            'ИСиТ');
insert into SUBJECT   (SUBJECT,   SUBJECT_NAME,        PULPIT )
                       values ('ПЗ',     'Представление знаний в компьютерных системах',       'ИСиТ');
insert into SUBJECT   (SUBJECT,   SUBJECT_NAME,        PULPIT )
                       values ('ПСП',    'Пограммирование сетевых приложений',                 'ИСиТ');
insert into SUBJECT   (SUBJECT,   SUBJECT_NAME,        PULPIT )
                       values ('МСОИ',     'Моделирование систем обработки информации',        'ИСиТ');
insert into SUBJECT   (SUBJECT,   SUBJECT_NAME,        PULPIT )
                       values ('ПИС',     'Проектирование информационных систем',              'ИСиТ');
insert into SUBJECT   (SUBJECT,   SUBJECT_NAME,        PULPIT )
                       values ('КГ',      'Компьютерная геометрия ',                           'ИСиТ');
insert into SUBJECT   (SUBJECT,   SUBJECT_NAME,        PULPIT )
                       values ('ПМАПЛ',   'Полиграфические машины, автоматы и поточные линии', 'ПОиСОИ');
insert into SUBJECT   (SUBJECT,   SUBJECT_NAME,        PULPIT )
                       values ('КМС',     'Компьютерные мультимедийные системы',               'ИСиТ');
insert into SUBJECT   (SUBJECT,   SUBJECT_NAME,        PULPIT )
                       values ('ОПП',     'Организация полиграфического производства',         'ПОиСОИ');
insert into SUBJECT   (SUBJECT,   SUBJECT_NAME,                            PULPIT)
               values ('ДМ',   'Дискретная матеатика',                     'ИСиТ');
insert into SUBJECT   (SUBJECT,   SUBJECT_NAME,                             PULPIT )
               values ('МП',   'Математисеское программирование',          'ИСиТ');  
insert into SUBJECT   (SUBJECT,   SUBJECT_NAME,                             PULPIT )
               values ('ЛЭВМ', 'Логические основы ЭВМ',                     'ИСиТ');                   
insert into SUBJECT   (SUBJECT,   SUBJECT_NAME,                             PULPIT )
               values ('ООП',  'Объектно-ориентированное программирование', 'ИСиТ');
insert into SUBJECT   (SUBJECT,   SUBJECT_NAME,        PULPIT )
                       values ('ЭП',     'Экономика природопользования',                       'МиЭП');
insert into SUBJECT   (SUBJECT,   SUBJECT_NAME,        PULPIT )
                       values ('ЭТ',     'Экономическая теория',                               'ЭТиМ');
insert into SUBJECT   (SUBJECT,   SUBJECT_NAME,        PULPIT )
                       values ('БЛЗиПсOO','Биология лесных зверей и птиц с осн. охотов.',      'ОВ');
insert into SUBJECT   (SUBJECT,   SUBJECT_NAME,        PULPIT )
                       values ('ОСПиЛПХ','Основы садовопаркового и лесопаркового хозяйства',  'ЛПиСПС');
insert into SUBJECT   (SUBJECT,   SUBJECT_NAME,        PULPIT )
                       values ('ИГ',     'Инженерная геодезия ',                              'ЛУ');
insert into SUBJECT   (SUBJECT,   SUBJECT_NAME,        PULPIT )
                       values ('ЛВ',    'Лесоводство',                                        'ЛЗиДВ');
insert into SUBJECT   (SUBJECT,   SUBJECT_NAME,        PULPIT )
                       values ('ОХ',    'Органическая химия',                                 'ОХ');   
insert into SUBJECT   (SUBJECT,   SUBJECT_NAME,        PULPIT )
                       values ('ТРИ',    'Технология резиновых изделий',                      'ТНХСиППМ'); 
insert into SUBJECT   (SUBJECT,   SUBJECT_NAME,        PULPIT )
                       values ('ВТЛ',    'Водный транспорт леса',                             'ТЛ');
insert into SUBJECT   (SUBJECT,   SUBJECT_NAME,        PULPIT )
                       values ('ТиОЛ',   'Технология и оборудование лесозаготовок',           'ЛМиЛЗ'); 
insert into SUBJECT   (SUBJECT,   SUBJECT_NAME,        PULPIT )
                       values ('ТОПИ',   'Технология обогащения полезных ископаемых ',        'ТНВиОХТ');
insert into SUBJECT   (SUBJECT,   SUBJECT_NAME,        PULPIT )
                       values ('ПЭХ',    'Прикладная электрохимия',                           'ХТЭПиМЭЕ');          
---------------------------------------------------------------------------------------------------------------------
DROP TABLE AUDITORIUM_TYPE 
create table AUDITORIUM_TYPE 
(
  AUDITORIUM_TYPE   char(20) constraint AUDITORIUM_TYPE_PK  primary key,  
  AUDITORIUM_TYPENAME  varchar2(60) constraint AUDITORIUM_TYPENAME_NOT_NULL not null         
);

delete AUDITORIUM_TYPE;
insert into AUDITORIUM_TYPE   (AUDITORIUM_TYPE,   AUDITORIUM_TYPENAME )
                       values  ('ЛК',   'Лекционная');
insert into AUDITORIUM_TYPE   (AUDITORIUM_TYPE,   AUDITORIUM_TYPENAME )
                       values  ('ЛБ-К',   'Компьютерный класс');
insert into AUDITORIUM_TYPE   (AUDITORIUM_TYPE,   AUDITORIUM_TYPENAME )
                       values  ('ЛК-К', 'Лекционная с уст. компьютерами');
insert into AUDITORIUM_TYPE   (AUDITORIUM_TYPE,   AUDITORIUM_TYPENAME )
                       values  ('ЛБ-X', 'Химическая лаборатория');
insert into AUDITORIUM_TYPE   (AUDITORIUM_TYPE,   AUDITORIUM_TYPENAME )
                       values  ('ЛБ-СК', 'Спец. компьютерный класс');
---------------------------------------------------------------------------------------------------------------------
-- DROP TABLE AUDITORIUM 
create table AUDITORIUM 
(
 AUDITORIUM           char(20) primary key,  -- код аудитории
 AUDITORIUM_NAME      varchar2(200),          -- аудитория 
 AUDITORIUM_CAPACITY  number(4),              -- вместимость
 AUDITORIUM_TYPE      char(20) not null      -- тип аудитории
                      references AUDITORIUM_TYPE(AUDITORIUM_TYPE)  
);

delete  AUDITORIUM;
insert into  AUDITORIUM   (AUDITORIUM,   AUDITORIUM_NAME, AUDITORIUM_TYPE, AUDITORIUM_CAPACITY )
                       values  ('206-1',   '206-1', 'ЛБ-К', 15);
insert into  AUDITORIUM   (AUDITORIUM,   AUDITORIUM_NAME, AUDITORIUM_TYPE, AUDITORIUM_CAPACITY)
                       values  ('301-1',   '301-1', 'ЛБ-К', 15);
insert into  AUDITORIUM   (AUDITORIUM,   AUDITORIUM_NAME, AUDITORIUM_TYPE, AUDITORIUM_CAPACITY )
                       values  ('236-1',   '236-1', 'ЛК',   60);
insert into  AUDITORIUM   (AUDITORIUM,   AUDITORIUM_NAME, AUDITORIUM_TYPE, AUDITORIUM_CAPACITY )
                       values  ('313-1',   '313-1', 'ЛК',   60);
insert into  AUDITORIUM   (AUDITORIUM,   AUDITORIUM_NAME, AUDITORIUM_TYPE, AUDITORIUM_CAPACITY )
                       values  ('324-1',   '324-1', 'ЛК',   50);
insert into  AUDITORIUM   (AUDITORIUM,   AUDITORIUM_NAME, AUDITORIUM_TYPE, AUDITORIUM_CAPACITY )
                       values  ('413-1',   '413-1', 'ЛБ-К', 15);
insert into  AUDITORIUM   (AUDITORIUM,   AUDITORIUM_NAME, AUDITORIUM_TYPE, AUDITORIUM_CAPACITY )
                       values  ('423-1',   '423-1', 'ЛБ-К', 90);
insert into  AUDITORIUM   (AUDITORIUM,   AUDITORIUM_NAME, AUDITORIUM_TYPE, AUDITORIUM_CAPACITY )
                       values  ('408-2',   '408-2', 'ЛК',  90);
insert into  AUDITORIUM   (AUDITORIUM,   AUDITORIUM_NAME, AUDITORIUM_TYPE, AUDITORIUM_CAPACITY )
                       values  ('103-4',   '103-4', 'ЛК',  90);
insert into  AUDITORIUM   (AUDITORIUM,   AUDITORIUM_NAME, AUDITORIUM_TYPE, AUDITORIUM_CAPACITY )
                       values  ('105-4',   '105-4', 'ЛК',  90);
insert into  AUDITORIUM   (AUDITORIUM,   AUDITORIUM_NAME, AUDITORIUM_TYPE, AUDITORIUM_CAPACITY )
                       values  ('107-4',   '107-4', 'ЛК',  90);
insert into  AUDITORIUM   (AUDITORIUM,   AUDITORIUM_NAME, AUDITORIUM_TYPE, AUDITORIUM_CAPACITY )
                       values  ('110-4',   '110-4', 'ЛК',  30);
insert into  AUDITORIUM   (AUDITORIUM,   AUDITORIUM_NAME, AUDITORIUM_TYPE, AUDITORIUM_CAPACITY )
                       values  ('111-4',   '111-4', 'ЛК',  30);
insert into  AUDITORIUM   (AUDITORIUM,   AUDITORIUM_NAME, AUDITORIUM_TYPE, AUDITORIUM_CAPACITY )
                      values  ('114-4',   '114-4', 'ЛК-К',  90 );
insert into  AUDITORIUM   (AUDITORIUM,   AUDITORIUM_NAME, AUDITORIUM_TYPE, AUDITORIUM_CAPACITY )
                       values ('132-4',   '132-4', 'ЛК',   90);
insert into  AUDITORIUM   (AUDITORIUM,   AUDITORIUM_NAME, AUDITORIUM_TYPE, AUDITORIUM_CAPACITY )
                       values ('02Б-4',   '02Б-4', 'ЛК',   90);
insert into  AUDITORIUM   (AUDITORIUM,   AUDITORIUM_NAME, AUDITORIUM_TYPE, AUDITORIUM_CAPACITY )
                       values ('229-4',   '229-4', 'ЛК',   90);
insert into  AUDITORIUM   (AUDITORIUM,   AUDITORIUM_NAME, AUDITORIUM_TYPE, AUDITORIUM_CAPACITY )
                       values  ('304-4',   '304-4','ЛБ-К', 90);
insert into  AUDITORIUM   (AUDITORIUM,   AUDITORIUM_NAME, AUDITORIUM_TYPE, AUDITORIUM_CAPACITY )
                       values  ('314-4',   '314-4', 'ЛК',  90);
insert into  AUDITORIUM   (AUDITORIUM,   AUDITORIUM_NAME, AUDITORIUM_TYPE, AUDITORIUM_CAPACITY )
                       values  ('320-4',   '320-4', 'ЛК',  90);
insert into  AUDITORIUM   (AUDITORIUM,   AUDITORIUM_NAME, AUDITORIUM_TYPE, AUDITORIUM_CAPACITY )
                       values  ('429-4',   '429-4', 'ЛК',  90);
insert into  AUDITORIUM   (AUDITORIUM,   AUDITORIUM_NAME, AUDITORIUM_TYPE, AUDITORIUM_CAPACITY )
                        values  ('?',   '???', 'ЛК',  90);
-----------------------------------------------------------------------------------------------------------------------


--1.	Разработайте простейший анонимный блок PL/SQL (АБ), не содержащий операторов. 

set serveroutput on;
BEGIN
   DBMS_OUTPUT.PUT_LINE(SYSDATE);
END;

--2.	Разработайте АБ, выводящий «Hello World!». Выполните его в SQLDev и SQL+.

set serveroutput on;
BEGIN
   DBMS_OUTPUT.PUT_LINE('Hello World!');
END;


--3.	Продемонстрируйте работу исключения и встроенных функций sqlerrm, sqlcode.

set serveroutput on;
DECLARE
   n AUDITORIUM.AUDITORIUM_NAME%TYPE;
   v_code NUMBER;
   v_errm VARCHAR2(164);
BEGIN
   SELECT AUDITORIUM_NAME INTO n FROM AUDITORIUM WHERE AUDITORIUM_TYPE = 'ЛК';

   EXCEPTION
      WHEN OTHERS THEN
         v_code := SQLCODE;
         v_errm := SUBSTR(SQLERRM, 1 , 164);
         DBMS_OUTPUT.PUT_LINE('The error code is ' || v_code || '- ' || v_errm);
END;


--4. Разработайте вложенный блок. Продемонстрируйте принцип обработки исключений во вложенных блоках.
DECLARE
  x INTEGER := 1;
  y INTEGER := 0;
  z INTEGER := 0;
BEGIN
  dbms_output.put_line(
      'x = ' || x || ', y = ' || y
  );
  BEGIN
    z := x / y;
    dbms_output.put_line(
        'z = ' || z
    );
    EXCEPTION WHEN OTHERS THEN dbms_output.put_line('code = ' || sqlcode || ', error = ' || sqlerrm);
  END;
  dbms_output.put_line(
      'z = ' || z
  );
END;

--5.	Выясните, какие типы предупреждения компилятора поддерживаются в данный момент.
show parameter plsql_warnings;

--6.	Разработайте скрипт, позволяющий просмотреть все спецсимволы PL/SQL.
SELECT keyword FROM v$reserved_words WHERE length = 1 AND keyword != 'A';

--7.	Разработайте скрипт, позволяющий просмотреть все ключевые слова  PL/SQL.
SELECT keyword FROM v$reserved_words WHERE length > 1 ORDER BY keyword;

--8.	Разработайте скрипт, позволяющий просмотреть все параметры Oracle Server, связанные с PL/SQL. Просмотрите эти же параметры с помощью SQL+-команды show.
--объявление и инициализацию целых number-переменных;
SELECT NAME, VALUE FROM V$PARAMETER WHERE NAME LIKE 'plsql%';
-- show parameters plsql;
DECLARE
  x INTEGER := 1;
BEGIN
  dbms_output.put_line(
      'x = ' || x
  );
END;
	
--9.	арифметические действия над двумя целыми number-переменных, включая деление с остатком;
DECLARE
  x    NUMBER := 8;
  y    NUMBER := 10;
  summ NUMBER := 0;
  div  NUMBER := 0;
  mul  NUMBER := 0;
  dif  NUMBER := 0;
  res  NUMBER := 0;
BEGIN
  summ := x + y;
  div := y / x;
  mul := x * y;
  dif := y - x;
  res := mod(x, y);
  dbms_output.put_line(
      'x = ' || x || ', y = ' || y || ', sum = ' || summ || ', div = ' || div || ', dif = ' || dif || ', res = ' || res
  );
END;

--10.	объявление и инициализацию number-переменных с фиксированной точкой;
DECLARE
  X NUMBER(10, 2) := 123.2346654;
BEGIN
  dbms_output.put_line(X);
END;

--11.	объявление и инициализацию number-переменных с фиксированной точкой и отрицательным масштабом (округление);
DECLARE
  X NUMBER(10, -1) := 123.2341234;
BEGIN
  dbms_output.put_line(X);
END;

--12.	объявление и инициализацию BINARY_FLOAT-переменной;
DECLARE
  X BINARY_FLOAT := 123.2341234;
BEGIN
  dbms_output.put_line(X);
END;

--13.	объявление и инициализацию BINARY_DOUBLE-переменной;
DECLARE
  X BINARY_DOUBLE := 123.23412343456789;
BEGIN
  dbms_output.put_line(X);
END;

--14.	объявление number-переменных с точкой и применением символа E (степень 10) при инициализации/присвоении;
DECLARE
  X NUMBER(25, 0) := 123.2e10;
BEGIN
  dbms_output.put_line(X);
END;

--15.	объявление и инициализацию BOOLEAN-переменных.  
DECLARE
  X BOOLEAN := TRUE;
BEGIN
  IF NOT X
  THEN dbms_output.put_line('false'); END IF;
  IF X
  THEN dbms_output.put_line('true'); END IF;
END;

--16 Разработайте анонимный блок PL/SQL содержащий объявление констант (VARCHAR2, CHAR, NUMBER). 
DECLARE
  X CONSTANT VARCHAR2(20) := 'varchar2';
  Y CONSTANT CHAR NOT NULL DEFAULT 'f';
  Z CONSTANT NUMBER NOT NULL := 12;
BEGIN
  X := '2';
  dbms_output.put_line(Z);
  EXCEPTION WHEN OTHERS THEN
  dbms_output.put_line('Code: ' || SQLCODE || ' Error: ' || SQLERRM);
END;

--17.	Разработайте АБ, содержащий объявления с опцией %TYPE. Продемонстрируйте действие опции.

DECLARE
   name AUDITORIUM.AUDITORIUM_NAME%TYPE;
   v_code NUMBER;
   v_errm VARCHAR2(164);
BEGIN
   SELECT AUDITORIUM_NAME INTO name FROM AUDITORIUM WHERE AUDITORIUM = '314-4';
END;

--18.	Разработайте АБ, содержащий объявления с опцией %ROWTYPE. Продемонстрируйте действие опции.
DECLARE
  p PULPIT%ROWTYPE;
BEGIN
  p.PULPIT_NAME := 'ПОИТ';
  p.PULPIT := 'DW';
  dbms_output.put_line(p.PULPIT_NAME || ' ' || p.PULPIT);
  EXCEPTION WHEN OTHERS THEN
  dbms_output.put_line('Code: ' || SQLCODE || ' Error: ' || SQLERRM);
END;


--19,20.	Разработайте АБ, демонстрирующий все возможные конструкции оператора IF .
DECLARE
  pulpit SYS.PULPIT.PULPIT%TYPE;
BEGIN
  pulpit := 11;
  IF pulpit > 10
  THEN dbms_output.put_line('pulpit > 10');
  ELSE dbms_output.put_line('else');
  END IF;
END;

--21.	Разработайте АБ, демонстрирующий работу оператора CASE.
DECLARE
  x PLS_INTEGER := 9;
BEGIN
  CASE
    WHEN x > 10
    THEN dbms_output.put_line('pulpit > 10');
    WHEN x < 10
    THEN dbms_output.put_line('pulpit < 10');
  ELSE dbms_output.put_line('else');
  END CASE;
END;

--22.	Разработайте АБ, демонстрирующий работу оператора LOOP.
DECLARE
  x PLS_INTEGER := 0;
BEGIN
  LOOP
    dbms_output.put_line(x);
    EXIT WHEN x > 5;
    x := x + 1;
  END LOOP;
END;

--23.	Разработайте АБ, демонстрирующий работу оператора WHILE.
DECLARE
  x PLS_INTEGER := 0;
BEGIN
  WHILE (x < 10)
  LOOP
    x := x + 1;
    dbms_output.put_line(x);
  END LOOP;
END;

--24.	Разработайте АБ, демонстрирующий работу оператора FOR.
BEGIN
  FOR k IN 1..10
  LOOP
    dbms_output.put_line(k);
  END LOOP;
END;








 